horse_id	年度	順位	出走頭数	勝馬頭数	出走回数	勝利回数	重賞/出走	勝利/重賞	出走/特別	勝利/特別	平場/出走	勝利/平場	出走/芝	勝利/芝	出走/ダート	勝利/ダート	勝馬率	EI	入着賞金(万円)	平均距離(芝)	平均距離(ダ)	代表馬
000a0115e2	2021	95	14	2	47	2	8	0	6	1	33	1	17	0	30	2	0.14300000000000002	1.25	8117.9	0.0	1600.0	2016101161.0
000a0115e2	2020	123	15	5	55	6	8	0	8	2	39	4	34	5	21	1	0.333	1.25	11613.6	1600.0	1400.0	2015104438.0
000a0115e2	2019	197	9	1	43	2	3	0	9	1	31	1	41	2	2	0	0.111	1.15	6361.4	2000.0	0.0	2014105436.0
000a0115e2	2018	129	9	3	35	4	4	1	8	1	23	2	32	4	3	0	0.333	2.05	11499.2	1750.0	0.0	2015104438.0
000a0115e2	2017	318	7	2	21	2	1	0	1	0	19	2	20	2	1	0	0.28600000000000003	0.61	2682.5	2000.0	0.0	2014105436.0
000a0115e2	2016	409	4	2	7	2	0	0	0	0	7	2	4	1	3	1	0.5	0.61	1530.0	1600.0	1400.0	2014105592.0
