horse_id	年度	順位	出走頭数	勝馬頭数	出走回数	勝利回数	出走/重賞	勝利/重賞	出走/特別	特別/勝利	出走/平場	平場/勝利	出走/芝	芝/勝利	出走/ダート	ダート/勝利	勝馬率	EI	入着賞金(万円)	平均距離(芝)	平均距離(ダ)	代表馬	勝利/特別	勝利/平場	勝利/芝
000a0002a3	1977	410	1	0	4	0	0	0	0	0.0	4	0.0	4	0.0	0	0	0.0	0.0	0.0	0.0	0.0	1973z01454			
000a0002a3	1976	266	5	2	22	2	0	0	0	0.0	22	2.0	4	0.0	18	2	0.4	0.29	920.0	0.0	1900.0	1973z01228			
000a0002a3	1975	207	7	2	43	2	0	0	0	0.0	43	2.0	15	1.0	28	1	0.28600000000000003	0.39	1631.0	1800.0	1800.0	1972z00331			
000a0002a3	1974	85	19	4	121	8	0	0	0	0.0	121	8.0	47	2.0	74	6	0.21100000000000002	0.69	6376.0	1600.0	2166.7	1970z00205			
000a0002a3	1973	75	22	10	179	14	0	0	0	0.0	179	14.0	87	6.0	92	8	0.455	0.88	8916.0	1333.3	1650.0	1969z00016			
000a0002a3	1972	54	28	11	227	15	0	0	0	0.0	227	15.0	142	10.0	85	5	0.39299999999999996	0.88	10280.0	1750.0	1580.0	000a004ea8			
000a0002a3	1971	68	35	10	223	17	0	0	0	0.0	223	17.0	155	9.0	68	8	0.28600000000000003	0.41	5639.5	1655.6	1350.0	1955100994			
000a0002a3	1970	140	20	4	87	4	0	0	0	0.0	87	4.0	77	3.0	10	1	0.2	0.18	1299.0	1200.0	1100.0	000a0047aa			
000a001781	1970	348	1	0	12	0	0	0	0		12		9		3	0	0.0	0.03	10.0	0.0	0.0	1967z00839	0.0	0.0	0.0
